Question,Answer
"How does DALP support the full lifecycle of a tokenized enterprise asset from issuance through servicing and redemption?","DALP manages the full digital asset lifecycle rather than only issuance or secondary transfer. The platform supports asset design, issuance orchestration, compliance configuration, minting, transfer, pause and unpause controls, corporate actions such as coupon or yield distribution, and maturity or redemption events. Its documented issuance flow includes controlled phases for deployment, permission grants, claim issuance, and activation, which gives operations teams a deterministic path from launch into business as usual servicing."
"What token standards and identity model does DALP use for regulated digital assets?","DALP implements ERC-3643 for regulated tokenized assets and binds token ownership to OnchainID identities. Every holder must have an on chain identity registered in the token identity registry, and compliance decisions are made against claims issued by trusted issuers. This model allows institutions to enforce identity based eligibility rules at transfer time instead of relying on static off chain allowlists."
"How does DALP enforce compliance before a transfer or sale is executed?","DALP enforces compliance ex ante. Before a transfer proceeds, the compliance flow resolves the sender and recipient identities, checks required claims, validates issuer trust, and evaluates configured compliance modules through the token compliance layer. If a rule fails, the transfer is rejected before settlement or state change occurs, which is critical for regulated operating models that cannot accept post trade remediation as the primary control."
"Can DALP support enterprise grade segregation of duties and emergency controls?","Yes. DALP documents role based authorization at system and per asset levels, including governance, compliance, custodian, emergency, sale administration, and funds management roles. The platform supports emergency pause and unpause operations, as well as custodian controlled freeze, unfreeze, forced transfer, and recovery actions, which allows institutions to separate operational authority from compliance and asset governance responsibilities."
"How does DALP handle wallet, signing, and custody integration?","DALP uses a pluggable signing model through Key Guardian and supports local key management as well as custody integrations with DFNS and Fireblocks. The signing flow applies operational policy checks at the custody layer before signing, while DALP keeps workflow state and transaction admission control inside the platform. This means an enterprise can align DALP with its existing custody operating model without making DALP itself the custodian."
"What settlement model does DALP provide for tokenized assets and payment tokens?","DALP provides atomic DvP and XvP settlement capabilities. The documented settlement flows state that the asset leg and payment leg complete together or both revert, which removes the intermediate state that creates counterparty and reconciliation risk. For external chain coordination, the XvP flow supports hashlock based coordination, while remaining explicit that DALP focuses on EVM compatible execution environments."
"How does DALP expose functionality to enterprise systems and automation teams?","DALP exposes platform capabilities through a unified API layer with documented REST access, OpenAPI documentation, and API key based access patterns. The platform also includes a typed SDK and a large CLI surface for scripted operations. This API first approach allows enterprise teams to connect issuance, compliance, identity, and servicing workflows into existing operational systems without treating the user interface as the only control plane."
"How does DALP support deployment flexibility, tenant isolation, and data residency requirements?","DALP supports deployment on client controlled infrastructure, including standard Kubernetes environments and Red Hat OpenShift, as well as cloud based deployment patterns. The authorization documentation describes single tenant and multi tenant modes with isolated organizations, membership boundaries, roles, assets, compliance records, and audit trails. This gives institutions flexibility to choose an operating model that fits internal security, residency, and governance requirements."
"What audit trail and observability capabilities are available for operations, compliance, and risk teams?","DALP includes full observability across metrics, logs, and traces, with Grafana based dashboards described in the platform documentation. It also records blockchain events, transaction state transitions, and compliance relevant actions so operators can review what happened, when it happened, and which control path was applied. This is important for enterprise review processes because it supports both day to day operations and later forensic analysis."
"How does DALP increase resilience for blockchain transactions and workflow execution?","DALP uses a durable execution architecture for multi step workflows and an asynchronous transaction state machine for blockchain mutations. The platform documentation describes journaled workflow recovery after service interruption, plus explicit transaction states for preparation, approval, signing, broadcast, confirmation, completion, failure, and dead letter handling. This design reduces the risk that an infrastructure restart or transient chain issue leaves asset lifecycle operations in an unknown state."
